Product Name,Ingredients,Allergens,Serving Size,Calories,Total Fat,Saturated Fat,Trans Fat,Cholesterol,Sodium,Total Carbohydrate,Total Sugars,Added Sugars,Protein,Brand,Price,Total Mass,SerVings Per Container,Spesific,Ticket,Type,Drink Eat,Fresh
"Pringles Potato Crisps, Original","Dried Potatoes, VEgetable Oil (Corn Oil, Cottonseed Oil, High Oleic Soybean Oil, And Or Sunflower Oil), Degerminated Yellow Corn Flour, Cornstarch, Rice Flour, Maltodextrin, Mono- And Diglycerides, Salt, Wheat Starch.",Wheat,28,150,9,2.5,0,0,150,16,0,0,1,Pringles,2.71,149,5,"crispy, salty",MW,"Vegan , Vegetarian , Pescatarian",E,F 
"Lay's Potato Chips, Classic","Potatoes, VEgetable Oil (Canola Oil, Corn Oil, Soybean Oil, And/Or Sunflower Oil), And Salt.",N,28.3,160,10,1.5,0,0,170,15,1,0,2,Lay's,0.55,28,1,"Crispy, salty",MW,"Vegan , Vegetarian , Pescatarian",E,F
"Cheetos Crunchy Cheese FlaVored Snacks, Regular","Enriched Corn Meal (Corn Meal, Ferrous Sulfate, Niacin, Thiamin Mononitrate, RiboflaVin, Folic Acid), VEgetable Oil (Corn Oil, Canola Oil, And Or Sunflower Oil), Cheese Seasoning (Whey, Cheddar Cheese [Milk, Cheese Cultures, Salt, Enzymes), Canola Oil, Maltodextrin [Made From Corn), Natural And Artificial FlaVors, Salt, Whey Protein Concentrate, Monosodium Glutamate, Lactic Acid, Citric Acid, Artificial Color [Yellow 6)), And Salt","Dairy, Milk",28,160,10,1.5,0,0,250,15,1,0,2,Cheetos,3.87,241,9,"cheesy , crispy",GF,"Vegetarian , Pescatarian",E,F
"Fritos Corn Chips, The Original","Corn, VEgetable Oil (Corn Oil And/Or Canola Oil), And Salt.",N,28,160,10,1.5,0,0,170,16,0,0,2,Fritos,5.75,262,9,"crispy, corn","MW, GF","Vegan , Vegetarian , Pescatarian",E,F
"Sensible Portions Garden VEggie Straws VEgetable and Potato Snack, Sea Salt","Potato Starch, Potato Flour, Expeller Pressed Canola Oil And Or Safflower Oil And Or Sunflower Oil, Spinach Powder, Tomato Paste, Salt, Cane Sugar, Corn Starch, Potassium Chloride, Turmeric (Color), Beetroot Powder (Color), Sea Salt.",N,28,130,7,1,0,0,220,17,1,0,1,Sensible Portions,3.87,141,5,"crispy ,salty","MW, GF","Vegan , Vegetarian , Pescatarian",E,F
"Cape Cod Potato Chips, Sweet , Spicy Jalapeno, Kettle Cooked","Potatoes, VEgetable Oil (Contains One Or More Of The Following: Canola Oil, Safflower Oil, And/Or Sunflower Oil), Dextrose, Salt, Sugar, Onion Powder, Maltodextrin, Torula Yeast, Jalapeno Pepper Powder, Garlic Powder, Yeast Extract, Green Bell Pepper Powder, Citric Acid, Natural FlaVor, Spice, Dry Vinegar, Paprika Extract.",N,28,140,7,0.5,0,0,260,17,1,0,1,Cape Cod ,5.31,226,8,"crispy, spicy, sweet","MW, GF","Vegan , Vegetarian , Pescatarian",E,F
"Lay's Potato Chips, Sweet Southern Heat Barbecue FlaVored","Potatoes, VEgetable Oil (Canola oil, Corn oil , Soybean oil And Or Sunflower Oil), Sugar, Salt, Natural FlaVors, Onion Powder, Maltodextrin (Made From Corn), Tomato Powder, Spices, Cream, Skim Milk, Paprika, Garlic Powder, Cheddar Cheese (Milk, Cheese Cultures, Salt, Enzymes), Whey, And Yeast Extract.","Dairy, Milk",28,150,9,1.5,0,0,150,16,2,1,2,Lay's,5.09,219,7,"crispy, sweet, cheesy, spiscy",NO,"Vegetarian , Pescatarian",E,F
"Alyssas Oatmeal Bites, Healthy","Gluten Free Whole Grain Rolled Oats, Ground Whole Oats, Oat Bran, Chicory Root Fiber, Egg Whites, Dried Fruits (Cranberries, Black Currants, Unsweetened Coconut, Dates), Organic Palm Fruit Oil, Filtered Water, Organic Coconut Oil, Ground Flax Seeds, Natural FlaVors, Vanilla Extract, Chia Seeds, Baking Soda, Cinnamon.",Coconat,43,90,3,0.5,0,0,10,14,2,0,4,Alyssas,5.09,170,4,sweet,"MW, GF","Vegetarian , Pescatarian",E,T
"Alyssas VEgan Bites, Healthy","Gluten Free Whole Grain Rolled Oats, Ground Whole Oats, Oat Bran, Chicory Root Fiber, Dried Fruits (Cranberries, Black Currants, Unsweetened Coconut, Dates), Organic Palm Fruit Oil, Filtered Water, Organic Coconut Oil, Ground Flax Seeds, Natural FlaVors, Vanilla Extract, Psyllium Husk, Chia Seeds, Baking Soda, Cinnamon.",N,43,90,3,0.5,0,0,10,14,2,0,4,Alyssas,5.09,170,4,sweet,"MW, GF","Vegan , Vegetarian , Pescatarian",E,T
"Chips Ahoy! Cookies, Mini","Unbleached Enriched Flour (Wheat Flour, Niacin, Reduced Iron, Thiamine Mononitrate (Vitamin B1), RiboflaVin (Vitamin B2), Folic Acid), Sugar, Soybean Oil And/Or Canola Oil, Palm And Palm Kernel Oil, Cocoa (Processed With Alkali), High Fructose Corn Syrup, Salt, Dextrose, Baking Soda, Milk, Soy Lecithin, Natural And Artificial FlaVor, Caramel Color."," Wheat, Milk, Soy.",29,140,7,1.5,0,0,80,19,8,8,1,Chips Ahoy,1.11,85,3,sweet,BC,"Vegetarian , Pescatarian",E,F 
Pepperidge Farm Chessmen Butter Cookies,"Enriched Wheat Flour (Flour, Niacin, Reduced Iron, Thiamine Mononitrate, RiboflaVin, Folic Acid), Butter, Sugar, Cornstarch, Contains 2% Or Less Of: Dextrose, Eggs, Baking Soda, Cream Of Tartar, Nonfat Milk, Soy Lecithin."," Wheat, Milk, Eggs, Soy",26,120,5,3,0,20,80,18,5,0,1,Pepperidge Farm,5.41,206,8,sweet,MW ,"Vegetarian , Pescatarian",E,F 
Chips Ahoy! Candy Blasts Chocolate Chip Cookies,"Unbleached Enriched Flour (Wheat Flour, Niacin, Reduced Iron, Thiamine Mononitrate (Vitamin B1), RiboflaVin (Vitamin B2), Folic Acid), Palm Oil, Sugar, Semisweet Chocolate Chips (Sugar, Chocolate, Cocoa Butter, Dextrose, Milk, Soy Lecithin), Candy Coated Morsels (Sugar, Hydrogenated Palm Kernel Oil, Cocoa, Cocoa (Processed With Alkali), Dextrose, Whey, Titanium Dioxide (For Color), Confectionerâ€™S Glaze (Carnauba Wax, Shellac, Beeswax), Yellow 5 Lake, Blue 1, Red 40 Lake, Soy Lecithin, Yellow 5, Red 3, Blue 1 Lake, Blue 2 Lake), High Fructose Corn Syrup, LeaVEning (Baking Soda, Ammonium Phosphate), Salt, Soy Lecithin, Caramel Color, Natural FlaVor, Artificial FlaVor.","Wheat, Milk, Soy",17,90,5,2.5,0,0,55,11,5,0,1,Chips Ahoy,4.25,351,21,sweet,NO,"Vegetarian , Pescatarian",E,F
"GreenWise Cookies, Organic, Chocolate Chip, Mini","Organic Wheat Flour, Organic Semi-Sweet Chocolate Chips [Organic Cane Sugar, Organic Unsweetened Chocolate, Organic Cocoa Butter, Organic Dextrose, Organic Soy Lecithin (An Emulsifier)), Organic Sugar, Organic Palm Oil, Organic Coconut, Organic Egg Whites, Sea Salt, Sodium Bicarbonate, Natural FlaVor, Organic Vanilla Extract, Organic Molasses.","Wheat, Egg, Coconut, And Soy",28,140,7,4.5,0,0,105,18,9,9,1,GreenWise,5.53,227,8,sweet,"Organic, GreenWise","Vegetarian , Pescatarian",E,F 
"Nutter Butter Bites Sandwich Cookies, Peanut Butter","Unbleached Enriched Flour (Wheat Flour, Niacin, Reduced Iron, Thiamine Mononitrate (Vitamin B1), RiboflaVin (Vitamin B2), Folic Acid), Sugar, Peanut Butter (Roasted Peanuts, Corn Syrup Solids, Hydrogenated VEgetable Oil (Rapeseed, Cottonseed, And Soybean Oils), Salt, Peanut Oil), High Fructose Corn Syrup, Canola Oil, Palm Oil, Whole Grain Wheat Flour, Salt, LeaVEning (Baking Soda, Calcium Phosphate), Soy Lecithin, Artificial FlaVor","Wheat, Peanut, Soy",30,140,6,1.5,0,0,115,21,9,9,2,Nabisco,1.65,85,3,sweet,NO,"Vegan , Vegetarian , Pescatarian",E,F
Sugar Cookies 2-Dozen,"Sugar,Bleached Wheat Flourwheat Flour,Water,Margarine(Palm Oil,Soybean Oil,Salt,Mono , Diglycerides,Annatto(Color)Calcium Disodium Edta(PreserVatiVE)Artificial Butter FlaVor,Vitamin A Palmi-Tate),Palm Oil,Cornstarch,Egg(Eggs,Sodiumsilicoaluminate),InVErt Sugar, Nonfatdry Milk, Baking Powder(Sodium Acid Pyro-Phoshphate, Sodium Bicarbonate,Cornstarchmonocalcium Phosphate),Oat Fiber,Saltbaking Soda,Butter Vanilla FlaVor(Dextrosecornstarch, Artificial FlaVors,Silicon Di-Oxide),Soy Lecithin.If Topped With Coarsesugar,Also Contains Carnauba Wax.If Toppedwith Sprinkles,Also Contains Rice Flourgum Arabic,Cellulose Gum,Dextrin,Confec-Tioner's Glaze,Carrageenan Gum,Maltodex-Trin,Blue 1 Lake,Cocoa Processed With Al-Kali,Carnauba Wax,Yellow 5 Lake,Red 40 La-Ke,Yellow 6 Lake,Red 3,Red 40,Blue 2,Blue2 Lake,Yellow 6,Yellow 5,Titanium Dioxidecolor,Blue 1,Natural , Artificial FlaVor.Citrus Fiber(Dried Orange Pulp)","Wheat,Egg,Milk,, Soy.",19,80,3,1,0,5,110,12,7,0,1,Publix Bakery,4.87,453,24,sweet,NO,"Vegetarian , Pescatarian",E,T
Chocolate Chip Cookies 13-Count,"Brown Sugar, Enriched Flour(Wheat Flour, Malted Barley Flour, Niacin,Reduced Iron, Thiamine Mononitrate, Ribo-FlaVin, Folic Acid), Enriched Unbleachedflour(Wheat Flour,Niacin,Reduced Iron,Thiamine Mononitrate, RiboflaVin, Folic Acid),Chocolate Chips(Sugar, Unsweetened Choco-Late, Cocoa Butter, Dextrose, Milkfat, Soylecithin(An Emulsifier)),Water, Shortening(Butter(Cream,Salt),Palm Oil, Soybean Oil,Water,Contain<2% Salt,Natural FlaVor(Milk)VEgetable Mono-, Diglycerides, Annattoextract(Color),Vitamin A Palmitate Added),Palm , Soybean Oils,Sugar, Eggs, Palm Oil,InVErt Sugar,Chocolate Chips(Sugar,Unsweetened Chocolate, Cocoa Butter, Milkfat,Nat-Ural Vanilla Extract), InVErt Syrup, Semi-Sweet Chocolate(Sugar, Chocolate Liquor,Cocoa Butter, Soy Lecithin(An Emulsifier),Natural FlaVor, May Contain Milk), Butter(Cream),Whole Milk Powder,LeaVEning(Sodiumacid Pyrophosphate,Baking Soda),Oat Fiber,Salt,Nonfat Dry Milk,Sugar Cane Fiber,Nat-Natural FlaVor,Sodium Acid Pyrophosphate,Sodium Bicarbonate","Wheat, Eggs, Milk, Soy",34,160,8,4,0,10,110,21,12,12,2,Publix Bakery,4.88,397,13,sweet,MW,"Vegetarian , Pescatarian",E,T
Oreo Chocolate Sandwich Cookies,"Unbleached Enriched Flour (Wheat Flour, Niacin, Reduced Iron, Thiamine Mononitrate (Vitamin B1), RiboflaVin (Vitamin B2), Folic Acid), Sugar, Palm And/Or Canola Oil, Cocoa (Processed With Alkali), High Fructose Corn Syrup, LeaVEning (Baking Soda And/Or Calcium Phosphate), Salt, Soy Lecithin, Chocolate, Artificial FlaVor.","Wheat, Soy",34,160,7,2,0,0,135,25,14,14,1,Nabisco,3.33,405,12,"sweet, cacao",NO,"Vegan , Vegetarian , Pescatarian",E,F
"Oreo Sandwich Cookies, Golden","Unbleached Enriched Flour (Wheat Flour, Niacin, Reduced Iron, Thiamine Mononitrate (Vitamin B1), RiboflaVin (Vitamin B2), Folic Acid), Sugar, Canola And/Or Palm Oil, High Fructose Corn Syrup, Salt, Baking Soda, Soy Lecithin, Artificial FlaVor, Natural FlaVor","Wheat, Soy",34,170,7,2,0,0,120,25,12,0,1,Nabisco,3.33,405,12,sweet ,NO,"Vegan , Vegetarian , Pescatarian",E,F
"Tastykake Frosted Mini Donuts, Shareable Frosted Donuts","Confectionery Coating (sugar, Hydrogenated Palm Kernel Oil, Cocoa Processed With Alkali, Cocoa Powder, Soy Lecithin, Salt, Artificial FlaVor), Enriched Bleached And Unbleached Flour (wheat Flour, Niacin, Reduced Iron, Thiamin Mononitrate, RiboflaVin, Folic Acid), Palm Oil, Sugar, Water, Whey (milk), Nonfat Milk, Contains 2% Or Less Of Each Of The Following: Soybean Oil, Soy Flour, LeaVEning (sodium Bicarbonate, Sodium Acid Pyrophosphate, Sodium Aluminum Phosphate), Egg Yolks, Dextrose, Corn Syrup Solids, Salt, Soy Lecithin, Sodium Stearoyl Lactylate, Distilled Monoglycerides, Wheat Starch, Monocalcium Phosphate, Guar Gum, Wheat Gluten, Corn Dextrin, Tapioca Dextrin, Propylene Glycol Mono- And Diesters Of Fats And Fatty Acids, Mono- And Diglycerides, Modified Wheat Starch, Sodium Alginate, Karaya Gum, Natural And Artificial FlaVor, Enzymes, Xanthan Gum, Colored With Turmeric And Annatto, Ascorbic Acid, PreserVEd With Sorbic Acid, Potassium Sorbate And Sodium Propionate","Wheat, Eggs, Milk, Soy",63,300,17,11,0,0,220,34,18,0,3,Tasytkake,3.87,305,5,"sweet, cacao",NO,"Vegetarian , Pescatarian",E,F
Hostess Frosted Mini DONETTES Bag Chocolate Breakfast Treats,"Sugar, Enriched Flour (wheat Flour, Malted Barley Flour, Niacin, Ferrous Sulfate Or Reduced Iron, Thiamine Mononitrate, RiboflaVin, Folic Acid), Water, Palm Oil, Hydrogenated Palm Kernel Oil, Soybean Oil, Contains 2% Or Less: Cocoa Processed With Alkali, Glycerin, Nonfat Dry Milk, Defatted Soy Flour, Mono And Diglycerides, Sodium Acid Pyrophosphate, Baking Soda, Egg Yolk, Natural And Artificial FlaVor, Sodium Aluminum Phosphate, Salt, Soy Lecithin, PreserVatiVE (sorbic Acid, Sodium Propionate, Potassium Sorbate, Natamycin), Whey, Dextrose, Dextrin, Citric Acid, Enzymes, Guar Gum, Cellulose Gum, Annatto And Turmeric (color), Karaya Gum.","egg, milk, soy, wheat",57,280,17,12,0,10,200,32,18,0,2,Hostess,3.97,305,5,"sweet, cacao",NO,"Vegetarian , Pescatarian",E,F
Publix Bakery Glazed Donuts 6 Count,"Yeast Ring Donut (Enrichedflour, (Wheat Flour, Malted Barley Flour,Reduced Iron,Niacin,Thiamine Mononitrate,RiboflaVin, Folic Acid), Water, Palm Oil,Dextrose,Soy Oil,Yeast, Salt, Whey, Sugar,Mono-, Diglycerides,LeaVEning(Sodium Acidpyrophosphate,Baking Soda),Soy Flour,Wheatstarch,Sodium Stearoyl Lactylate,Natural ,Artificial FlaVor,Skim Milk,Distilled Monoglycerides,Calcium Propionate(To PreserVEfreshness),Gums(Cellulose,Guar,Xanthan),Ascorbic Acid,Beta Carotene(Color),Wheatprotein Isolate,Sodium Caseinate,Milk Protein Concentrate,Polysorbate60,Nonfat Milk,Calcium Stearoyl Lactylate,Egg Yolk,Datem,Eggs,Wheat Gluten,Calcium Sulfate,Ammoniumsulfate, Egg Whites),Donut Glaze(Powderedsugar(Sugar,Cornstarch),Water,Sugar,Maltodextrin,Stabilizer(Sugar,Artificial FlaVor,Agar,Cellulose Gum,Citric Acid,Mono-Diglycerides,Polysorbate 80),Potassium Sorbate(PreserVatiVE))","Wheat, Milk, Egg, , Soy",69,250,11,5,0,0,270,33,9,8,4,Publix Bakery,4.87,369,6,sweet,NO,"Vegetarian , Pescatarian",E,T
Publix Bakery Assorted Glazed And Chocolate Iced Donuts 6 Count,"Yeast Ring Donut (Enrichedflour, (Wheat Flour, Malted Barley Flour,Reduced Iron,Niacin,Thiamine Mononitrate,RiboflaVin, Folic Acid), Water, Palm Oil,Dextrose,Soy Oil,Yeast, Salt, Whey, Sugar,Mono-, Diglycerides,LeaVEning(Sodium Acidpyrophosphate,Baking Soda),Soy Flour,Wheatstarch,Sodium Stearoyl Lactylate,Natural ,Artificial FlaVor,Skim Milk,Distilled Monoglycerides,Calcium Propionate(To PreserVEfreshness),Gums(Cellulose,Guar,Xanthan),Ascorbic Acid,Beta Carotene(Color),Wheatprotein Isolate,Sodium Caseinate,Milk Protein Concentrate,Polysorbate60,Nonfat Milk,Calcium Stearoyl Lactylate,Egg Yolk,Datem,Eggs,Wheat Gluten,Calcium Sulfate,Ammoniumsulfate, Egg Whites),Donut Glaze(Powderedsugar(Sugar,Cornstarch),Water,Sugar,Maltodextrin,Stabilizer(Sugar,Artificial FlaVor,Agar,Cellulose Gum,Citric Acid,Mono-Diglycerides,Polysorbate 80),Potassium Sorbate(PreserVatiVE))","Wheat, Milk, Egg, , Soy",69,250,11,5,0,0,270,33,9,8,4,Publix Bakery,3.87,369,6,sweet,NO,"Vegetarian , Pescatarian",E,T
Publix Bakery Glazed Donut,"Yeast Ring Donut (Enrichedflour, (Wheat Flour, Malted Barley Flour,Reduced Iron,Niacin,Thiamine Mononitrate,RiboflaVin, Folic Acid), Water, Palm Oil,Dextrose,Soy Oil,Yeast, Salt, Whey, Sugar,Mono-, Diglycerides,LeaVEning(Sodium Acidpyrophosphate,Baking Soda),Soy Flour,Wheatstarch,Sodium Stearoyl Lactylate,Natural ,Artificial FlaVor,Skim Milk,Distilled Monoglycerides,Calcium Propionate(To PreserVEfreshness),Gums(Cellulose,Guar,Xanthan),Ascorbic Acid,Beta Carotene(Color),Wheatprotein Isolate,Sodium Caseinate,Milk Protein Concentrate,Polysorbate60,Nonfat Milk,Calcium Stearoyl Lactylate,Egg Yolk,Datem,Eggs,Wheat Gluten,Calcium Sulfate,Ammoniumsulfate, Egg Whites),Donut Glaze(Powderedsugar(Sugar,Cornstarch),Water,Sugar,Maltodextrin,Stabilizer(Sugar,Artificial FlaVor,Agar,Cellulose Gum,Citric Acid,Mono-Diglycerides,Polysorbate 80),Potassium Sorbate(PreserVatiVE))","Wheat, Milk, Egg, , Soy",69,250,11,5,0,0,270,33,9,8,4,Publix Bakery,1.09,69,1,sweet,NO,"Vegetarian , Pescatarian",E,T
Publix Bakery Assorted Donuts 4 Count,"Enriched Flour(Wheat Flour,Malted Barley Flour,Reduced Iron,Niacin,Thiamine Mononitrate,RiboflaVin,Folic Acid),Water,Sugarpalm Oil,Dextrose,Cornsyrup,Apples,Soy Oilmodified Food Starch,High Fructose Corn Syrup,Yeast,Cinnamon,Mono, Diglycerides,SaltleaVEning(Sodium Acid Pyrophosphate,Bakingsoda),Whey(Milk),Soy Flour, Pregelatinizedwheat Starch,Raspberries,Natural, Artificial FlaVor,Sodium Stearoyl Lactylate,Citricacid,Propylene Glycol,Beta Carotene(Color)Maltodextrin,Wheatprotein,Eggs,Polysorbate60, PreserVatiVEs(Potassium Sorbate,Sodiumbenzoate),Nonfat Milk,Datem,Cornstarch,Calcium Stearoyl 2-Lactylate,Wheat Gluten,Xanthan Gum,Calcium Sulfate,Ammonium Sulfate,Wheat Starch,Egg Yolks,Color(Titanium Dio-Xide,Caramel),Hydrogenated Cottonseed Oilcocoa Processed With Alkali,Calcium Propi-Onate(PreserVatiVE),Sodium Citrate,Gums(Agar,Guar,Gellan,Modified Acacia,Locustbean),Sorbic Acid(PreserVatiVE),Lacticacid,Phosphoric Acid,Glycerin,Malic Acid,Yellow 5,Red 40,Yellow 6,Blue 1,Sodiumsulfate,Soy Lecithin,Citric Acid Anhydrouscellulose Gum,Polysorbate 80,Canola Oil,Caramel,Rapeseed Lecithin,Pectin,Stearicacid,Sorbitan Monostearate,VEgetable Fiber"," Wheat,Egg,Soy,, Milk",69,250,11,5,0,0,270,33,9,8,4,Publix Bakery,4.31,238,4,sweet,NO,"Vegetarian , Pescatarian",E,T
"Krispy Kreme Doughnuts, Assorted","Original Glazed Doughnut Ingredients: Doughnut (Enriched Wheat Flour [Wheat Flour, Niacin, Reduced Iron, Thiamine Mononitrate, RiboflaVin, Folic Acid), Water, Palm Oil, Soybean Oil, Sugar, Contains 2%, or Less of Each of the Following: Yeast, Soy Lecithin, Hydrogenated Soybean Oil, Mono- and Diglycerides, Salt, Wheat Gluten, Monocalcium Phosphate, Dried Milk Powder, Cellulose Gum, Lecithin, Maltodextrin, Ascorbic Acid, Calcium Propionate (to Maintain Freshness), Sorbitan Monostearate, Tocopherols, Enzymes, Oat Fiber, Dried Egg Yolks), Glaze (Sugar, Water, Corn Starch, Palm Oil Agar, Natural and Artificial FlaVors, Guar Gum, Locust Bean Gum, Soybean Oil). Chocolate Iced Glazed Doughnut Ingredients: Doughnut (Enriched Wheat Flour [Wheat Flour, Niacin, Reduced Iron, Thiamine Mononitrate, RiboflaVin, Folic Acid), Water, Palm Oil, Soybean Oil, Sugar, Contains 2% or Less of Each of the Following: Yeast, Soy Lecithin, Hydrogenated Soybean Oil, Mono- and Diglycerides, Salt, Wheat Gluten, Monocalcium Phosphate, Dried Milk Powder, Cellulose Gum, Lecithin, Maltodextrin, Ascorbic Acid, Calcium Propionate (to Maintain Freshness), Sorbitan Monostearate, Tocopherols, Enzymes, Oat Fiber, Dried Egg Yolks), Icing (Sugar, Water, Corn Starch, Cocoa Powder [Processed with Alkali), Corn Syrup Solids, Soybean Oil and/or Palm Oil, Chocolate Liquor, Enzyme Modified Soy Protein, Polysorbate 60, Salt, Sodium Caseinate [Milk), Sodium Hexametaphosphate, Mono and Diglycerides, Soy Lecithin), Glaze (Sugar, Water, Corn Starch, Palm Oil, Agar, Natural and Artificial FlaVors, Guar Gum, Locust Bean Gum, Soybean Oil). Chocolate Iced Glazed Doughnut with Rainbow Sprinkles Ingredients: Doughnut (Enriched Wheat Flour [Wheat Flour, Niacin, Reduced Iron, Thiamine Mononitrate, RiboflaVin, Folic Acid), Water, Palm Oil, Soybean Oil, Sugar, Contains 2% or Less of Each of the Following: Yeast, Soy Lecithin, Hydrogenated Soybean Oil, Mono- and Diglycerides, Salt, Wheat Gluten, Monocalcium Phosphate, Dried Milk Powder, Cellulose Gum, Lecithin, Maltodextrin, Ascorbic Acid, Calcium Propionate [to Maintain Freshness), Sorbitan Monostearate, Tocopherols, Enzymes, Oat Fiber, Dried Egg Yolks), Icing (Sugar, Water, Corn Starch, Cocoa Powder (Processed with Alkali), Corn Syrup Solids, Soybean Oil and/or Palm Oil, Chocolate Liquor, Enzyme Modified Soy Protein, Polysorbate 60, Salt, Sodium Caseinate [Milk), Sodium Hexametaphosphate, Mono and Diglycerides, Soy Lecithin), Glaze (Sugar, Water, Corn Starch, Palm Oil, Agar, Natural and Artificial FlaVors, Guar Gum, Locust Bean Gum, Soybean Oil), Sprinkles (Sugar, Fractionated Palm Kernel Oil, Corn Starch, Glucose Syrup, Soy Lecithin, Red 40, Red 3, Yellow 6, Yellow 5, Blue 1, Gum Arabic, Carnauba Wax). Chocolate Iced with Kreme Filling Doughnut Ingredients: Doughnut (Enriched Wheat Flour [Wheat Flour, Niacin, Reduced Iron, Thiamine Mononitrate, RiboflaVin, Folic Acid), Water, Palm Oil, Soybean Oil, Sugar, Contains 2% or Less of Each of the Following: Yeast, Soy Lecithin, Hydrogenated Soybean Oil, Mono- and Diglycerides, Salt, Wheat Gluten, Monocalcium Phosphate, Dried Milk Powder, Cellulose Gum, Lecithin, Maltodextrin, Ascorbic Acid, Calcium Propionate [to Maintain Freshness), Sorbitan Monostearate, Tocopherols, Enzymes, Oat Fiber, Dried Egg Yolks), Filling (Sugar, Water, Palm Oil, Soybean Oil, Corn Syrup Solids, Corn Starch, Mono and Diglycerides, Polysorbate 60, Enzyme Modified Soy Protein, Sodium Hexametaphosphate, Soy Lecithin, Natural and Artificial FlaVors, Salt, Sodium Caseinate [Milk), Citric Acid, TBHQ), Icing (Sugar, Water, Corn Starch, Cocoa Powder [Processed with Alkali), Corn Syrup Solids, Soybean Oil and/or Palm Oil, Chocolate Liquor, Enzyme Modified Soy Protein, Polysorbate 60, Salt, Sodium Caseinate [Milk), Sodium Hexametaphosphate, Mono and Diglycerides, Soy Lecithin). Glazed Raspberry Filled Doughnut Ingredients: Doughnut (Enriched Wheat Flour [Wheat Flour, Niacin, Reduced Iron, Thiamine Mononitrate, RiboflaVin, Folic Acid), Water, Palm Oil, Soybean Oil, Sugar, Contains 2% or Less of Each of the Following: Yeast, Soy Lecithin, Hydrogenated Soybean Oil, Mono- and Diglycerides, Salt, Wheat Gluten, Monocalcium Phosphate, Dried Milk Powder, Cellulose Gum, Lecithin, Maltodextrin, Ascorbic Acid, Calcium Propionate [to Maintain Freshness), Sorbitan Monostearate, Tocopherols, Enzymes, Oat Fiber, Dried Egg Yolks), Filling (Water, High Fructose Corn Syrup, Sugar, Modified Food Starch, Raspberry Puree, Adipic Acid, Citric Acid, Sodium Citrate, Sodium Benzoate [to Maintain Freshness), Salt, Locust Bean Gum, Xanthan Gum, Artificial FlaVor, Potassium Sorbate [to Maintain Freshness), Red 40, Blue 1), Glaze (Sugar, Water, Corn Starch, Palm Oil, Agar, Natural and Artificial FlaVors, Guar Gum, Locust Bean Gum, Soybean Oil). Strawberry Iced Glazed Doughnut with Rainbow Sprinkles Ingredients: Doughnut (Enriched Wheat Flour [Wheat Flour, Niacin, Reduced Iron, Thiamine Mononitrate, RiboflaVin, Folic Acid), Water, Palm Oil Soybean Oil, Sugar, Contains 2% or Less of Each of the Following: Yeast, Soy Lecithin, Hydrogenated Soybean Oil Mono and Diglycerides, Salt, Wheat Gluten, Monocalcium Phosphate, BHT, Dried Milk Powder, Egg Yolks, Cellulose Gum, Calcium Propionate [to Maintain Freshness), Lecithin, Oat Fiber, Ascorbic Acid, Sorbitan Monostearate, Tocopherols); Icing (Sugar, Water, Corn Syrup, Palm Oil Soybean Oil Salt, Potassium Sorbate [to Maintain Freshness), Artificial Color, Soy Lecithin, Agar, Natural and Artificial FlaVor, Citric Acid, Red 40, Mono and Diglycerides, Locust Bean Gum); Glaze (Sugar, Water, Corn Starch and/or Palm Oil, Calcium Carbonate, Agar, Natural and Artificial FlaVors, Salt, Mono and Diglycerides, Sorbitan Monostearate); Sprinkles (Sugar, Fractionated Palm Kernel Oil, Corn Starch, Glucose, Soy Lecithin, Red 40, Red 3, Yellow 6, Yellow 5, Blue 1, Gum Arabic, Carnauba Wax), Does Not Contain Real Strawberries","wheat, soy, egg, milk.",50,190,11,5,0,0,85,22,10,0,3,Krispy Kreme,9.97,300,6,sweet,NO,"Vegetarian , Pescatarian",E,T
Entenmann's Cinnamon Swirl Buns,"Wheat Flour, Water, Sugar, VEgetable Oil (soybean And/or Palm), Dextrose, Eggs, VEgetable Shortening (palm Oil), Yeast, Whey, InVErt Sugar, Wheat Starch, Soy Flour, Mono- And Diglycerides, Modified Cornstarch, Cinnamon, Salt, Molasses, Natural , Artificial FlaVors, Oat Fiber, Tapioca Dextrin, Sodium Stearoyl Lactylate, Corn Flour, Cellulose Gum, Calcium Carbonate, Soy Lecithin, Maltodextrin, Potassium Sorbate (preserVatiVE), Spice , Coloring, Agar, Xanthan Gum, Artificial Color, Phosphoric Acid, Calcium Sulfate, Sorbitan Monostearate, Citric Acid, Vitamin A Palmitate, Beta Carotene (color)","wheat, soy, milk, egg.",68,330,15,6,0,15,230,44,21,0,5,Entenmann's,9.19,510,6,"sweet, cinnamon",NO,"Vegetarian , Pescatarian",E,F
"Tastykake Cinnamon Rolls, 6 Cinnamon Breakfast Sweet Rolls","Unbleached Enriched Flour (wheat Flour, Malted Barley Flour, Niacin, Reduced Iron, Thiamin Mononitrate, RiboflaVin, Folic Acid), Sugar, Water, Whey (milk), VEgetable Oil (palm Oil And Soybean Oil), Yeast, Corn Syrup, High Fructose Corn Syrup, Nonfat Milk, Contains 2% Or Less Of Each Of The Following: Glycerine, Cinnamon, Salt, Dextrose, Yellow Corn Meal, Wheat Gluten, Calcium Carbonate, Molasses, Soy Flour, Monoglycerides, Modified Corn Starch, Agar, Bleached Wheat Flour, Corn Starch, Polysorbate 80, Sodium Stearoyl Lactylate, Xanthan Gum, Sodium Alginate, Wheat Starch, Natural And Artificial FlaVors, Calcium Sulfate, Sodium Phosphate, Enzymes, Soy Lecithin, Colored With ExtractiVEs Of Turmeric And Annatto Seed, Wheat Flour, Egg Yolks, Cinnamic Aldehyde, Eggs. Caramel Color, Cellulose Gum, Sodium Bicarbonate, Calcium Propionate And Potassium Sorbate (to Retard Spoilage)","wheat, soy, egg, milk.",68,220,5,2,0,5,140,41,18,0,4,Tasytkake,4.09,410,6,"sweet, cinnamon",NO,"Vegetarian , Pescatarian",E,F
Hostess TWINKIES Creamy Golden Sponge Cake IndiVidually Wrapped,"Sugar, Water, Enriched Flour (bleached Wheat Flour, Malted Barley Flour, Niacin, Ferrous Sulfate Or Reduced Iron, Thiamine Mononitrate, RiboflaVin, Folic Acid), High Fructose Corn Syrup, Tallow, Dextrose, Egg, Contains 2% Or Less: Soybean Oil, Corn Starch, Modified Cornstarch, Hydrogenated Tallow, Whey, Glycerin, Salt, Sodium Acid Pyrophosphate, Baking Soda, Enzymes, Sorbic Acid And Potassium Sorbate (to Retain Freshness), Cottonseed Oil, Mono And Diglycerides, Cellulose Gum, Sodium Stearoyl Lactylate, Soy Lecithin, Xanthan Gum, Polysorbate 60, Monocalcium Phosphate, Natural And Artificial Yellow 5, Red 40.","egg, milk, soy, wheat",77,280,9,4,0,35,370,47,32,0,2,Hostess,5.53,385,5,"sweet, creamy",NO,"Vegetarian , Pescatarian",E,F
"CakeBites Sweet, Lemon Layers, Limited Edition, 4 Packs","Enriched Wheat Flour (wheat Flour, Niacin, Reduced Iron, Thiamine Mononitrate, RiboflaVin, Folic Acid), Sugar, Palm Oil, Eggs, InVErt Sugar, Palm Kernel Oil, Corn Syrup, Lemon Puree Concentrate (lemon Juice Concentrate, Lemon Juice, Sugar, Lemon Peel, Lemon Oil), High Fructose Corn Syrup, Nonfat Dry Milk , Whole Milk Solids, Glycerine, Modified Corn Starch, Vanilla, Salt, Whey, Soy Lecithin, Potassium Sorbate, Sorbic Acid, Turmeric, Annatto, Sodium Stearoyl Lactylate, Guar Gum, Xanthan Gum, Pectin, Sodium Citrate, Citric Acid, Sodium Benzoate, Natural , Artificial FlaVors, Titanium Dioxide","wheat, egg, soy , milk",57,90,13,8,0,25,65,32,21,0,2,CakeBites,4.99,227,4,"sweet, lemon",NO,"Vegetarian , Pescatarian",E,F
"CakeBites Party, Ultimate, 4 Packs","Enriched Wheat Flour (wheat Flour, Niacin, Reduced Iron, Thiamine Mononitrate, RiboflaVin, Folic Acid), Sugar, Palm Oil, Eggs, InVErt Sugar, Palm Kernel Oil, Sorbitol, Whey, High Fructose Corn Syrup, Whole Milk Solids, Salt, Sodium Propionate, Titanium Dioxide, Nonfat Dry Milk Solids, Soy Lecithin, Pectin, Citric Acid, Corn Starch, Tapioca Starch, Dried Glucose Syrup, Glycerine, Potassium Benzoate, Gum Arabic, Carnauba Wax, Natural , Artificial FlaVors, Yellow 5, Yellow 6, Red 3, Red 40, Blue 1","wheat, egg, soy , milk.",57,90,13,8,0,25,95,32,20,0,2,CakeBites,4.99,227,4,"sweet, creamy",NO,"Vegetarian , Pescatarian",E,F
"CakeBites Coffee Cake, Frosted, 4 Packs","Enriched Wheat Flour (wheat Flour, Niacin, Reduced Iron, Thiamine Mononitrate, RiboflaVin, Folic Acid), Sugar, Palm Oil, Eggs, InVErt Sugar, Palm Kernel Oil, Whey Powder (milk), Whole Milk Solids, Sorbitol, Titanium Dioxide, Nonfat Dry Milk Solids, Corn Syrup, Natural , Artificial FlaVors, Cinnamon, Pectin, Spices, Salt, Sodium Propionate, Locust Bean Gum, Soy Lecithin, Citric Acid, Potassium Sorbate, Tea Extract, VEgetable Juice (for Color)","wheat, egg, soy , milk.",57,260,14,8,0,25,95,30,21,0,2,CakeBites,4.99,227,4,"sweet, creamy",NO,"Vegetarian , Pescatarian",E,F
Hostess Chocolate Cupcakes Chocolate Cake Creamy Filling,"Sugar, Water, Enriched Flour (bleached Wheat Flour, Malted Barley Flour, Niacin, Ferrous Sulfate Or Reduced Iron, Thiamine Mononitrate, RiboflaVin, Folic Acidi, High Fructose Corn Syrup, Palm Oil, Corn Syrup, Cocoa, Soybean Oil, Tallow, Contains 2% Or Less: Glycerin, Cocoa Processed With Alkali, Modified Cornstarch, Baking Soda, Salt, Corn Starch, Dextrose, Whey, Hydrogenated Tallow, Inulin, Egg, Calcium Carbonate, Sorbic Acid And Potassium Sorbate (to Retain Freshness), Calcium Sulfate, Enzymes, Egg White, Mono And Diglycerides, Sodium Acid Pyrophosphate, Cottonseed Oil, Natural And Artificial FlaVor, Sodium Stearoyl Lactylate, Agar, Xanthan Gum, Soy Lecithin, Polysorbate 60, Cellulose Gum, Locust Bean Gum, Monocalcium Phosphate, Titanium Dioxide (color), Disodium Phosphate, Sunflower Oil, Chocolate Liquor, Defatted Soy Flour.","wheat, egg, milk and soy",45,170,6,2.5,0,5,240,29,19,0,1,Hostess,5.53,360,8,"sweet, chocolate, creamy",NO,"Vegetarian , Pescatarian",E,F
"Hershey's Milk Chocolate Candy, IndiVidually Wrapped, Gluten Free",Milk Chocolate [sugar; Milk; Chocolate; Cocoa Butter; Milk Fat; Lecithin (soy); Pgpr; Natural FlaVor).,"milk, soy",43,220,13,8,0,10,35,26,25,0,3,Hershey's,7.75,263,6,"sweet, chocolate",GF,"Vegetarian , Pescatarian",E,F
"Hershey's Milk Chocolate Candy, Gluten Free",Milk Chocolate [sugar; Milk; Chocolate; Cocoa Butter; Milk Fat; Lecithin (soy); Pgpr; Natural FlaVor).,"milk, soy",43,220,13,8,0,10,35,26,25,0,3,Hershey's,1.53,43,1,"sweet, chocolate",GF,"Vegetarian , Pescatarian",E,F
UNREAL Dark Chocolate Coconut Bars,"Organic Coconut, Organic CassaVa Syrup, Dark Chocolate (chocolate Liquorâ€¡, Cane Sugarâ€¡, Cocoa Butterâ€¡, Vanilla).",coconut,15,70,5,4.5,0,0,0,8,3,0,1,UNREAL,5.53,120,8,"sweet, chocolate, coconut","GF, MW","Vegan , Vegetarian , Pescatarian",E,F 
UNREAL Dark Chocolate Peanut Butter Cups,"Dark Chocolate (chocolate Liquor, Cane Sugar, Cocoa Butter, Organic Blue AgaVE Inulin, Sunflower Lecithin, Vanilla), Peanuts, Organic Cane Sugar, Organic Palm Oil.., Organic Peanut Flour, Organic Blue AgaVE Inulin, Sea Salt, Sunflower Lecithin.",peanuts,15,80,6,2.5,0,0,40,8,5,0,1,UNREAL,5.53,120,8,"sweet, chocolate, peanuts","GF, MW","Vegan , Vegetarian , Pescatarian",E,F 
UNREAL Dark Chocolate Caramel Peanut Nougat Bars,"Organic CassaVa Syrup, Dark Chocolate (cocoa Beansâ€¡, Cane Sugar, Cocoa Butterâ€¡, Sunflower Lecithin, Vanilla Beans), Organic Peanuts, Organic Cane Sugarâ€¡, Organic Palm Oil.., Almonds, Organic Pea Protein, Organic Powdered Sugarâ€¡, Less Than 0.5%: Cashews, Vanilla Extract, Sea Salt, Sunflower Lecithin, Organic Grass-fed Whey Protein, Organic Spelt Flour.","peanuts, almonds, cashews, milk and wheat",19,90,5,1.5,0,0,35,11,6,0,2,UNREAL,5.53,120,8,"sweet, chocolate, peanuts, caramel","GF, MW","Vegetarian , Pescatarian",E,F 
UNREAL Dark Chocolate Peanut Gems,"Dark Chocolate (chocolate Liquor, Cane Sugar, Cocoa Butter, Vanilla), Roasted Peanuts (peanuts, Peanut Oil), Organic Cane Sugar, Gum Acacia, Colored With (beet Juice, Spirulina Extract), Organic Tapioca Syrup, Carnauba Wax.",peanuts,30,150,10,4,0,0,0,16,13,0,3,UNREAL,5.53,120,8,"sweet, chocolate, peanuts","GF, MW","Vegan , Vegetarian , Pescatarian",E,F 
"Justin's Peanut Butter Cups, Organic, Dark Chocolate, Mini","Organic Dark Chocolate (organic EVaporated Cane Sugar, Organic Chocolate Liquor., Organic Cocoa Butter., Organic Soy Lecithin, Organic Vanilla), Organic Peanuts, Organic Powdered EVaporated Cane Sugar, Organic Peanut Flour, Organic Palm Fruit Oil.., Organic Vanilla FlaVor, Sea Salt, Organic Soy Lecithin.",peanuts and soy,40,210,14,7,0,0,120,21,17,0,4,Justins's,6.87,133,4,"Sweet, peanut","MW, Organic","Vegetarian , Pescatarian",E,F
Back to Nature Plant Based Snacks Classic Round Crackers,"Unbleached Wheat Flour, Safflower Oil, Cane Sugar, Brown Rice Syrup, LeaVEning (baking Soda, Monocalcium Phosphate Monohydrate, Ammonium Bicarbonate), Sea Salt, Soy Lecithin, Enzymes.","wheat, soy ",15,70,3,0,0,0,125,10,1,0,1,Back to Nature,4.75,240,16,salty,MW,"Vegan , Vegetarian , Pescatarian",E,F
"Ritz Original FlaVor Crackers, 1 Box","Unbleached Enriched Flour (wheat Flour, Niacin, Reduced Iron, Thiamine Mononitrate Vitamin B1), RiboflaVin (Vitamin B2), Folic Acid), Canola Oil, Palm Oil, Sugar, Salt, LeaVEning (calcium Phosphate, Baking Soda), High Fructose Corn Syrup, Soy Lecithin, Natural FlaVor.","wheat, soy",16,80,5,1,0,0,130,10,1,0,1,Nabisco,4.55,388,24,salty,MO,"Vegan , Vegetarian , Pescatarian",E,F
Back to Nature Plant Based Snacks Fudge Mint Cookies,"Fudge Coating (sugar, Palm Kernel Oil, Cocoa (processed With Alkali), Soy Lecithin, Natural FlaVor, Whole Milk Powder, Salt), Unbleached Wheat Flour, Cane Sugar, Palm Oil, Cocoa Powder (processed With Alkali), Baking Soda, Sea Salt, Soy Lecithin, Ammonium Bicarbonate, Peppermint Oil.","milk, soy, wheat",31,140,6,4.5,0,0,140,21,13,0,1,Back to Nature,4.75,181,6,"mint, chocolate",MW,"Vegetarian , Pescatarian",E,F
Pepperidge Farm Milano Mint Chocolate Cookies,"Made From: Enriched Wheat Flour (flour, Niacin, Reduced Iron, Thiamine Mononitrate, RiboflaVin, Folic Acid), Sugar, VEgetable Oils (palm, Palm Kernel And/or Soybean And Hydrogenated Soybean), Semi Sweet Chocolate (sugar, Chocolate, Chocolate Processed With Alkali, Cocoa Butter, Milkfat, Soy Lecithin, Vanilla Extract), Eggs, Contains 2% Or Less Of: Cornstarch, Salt, Baking Soda, Soy Lecithin, Milkfat, Peppermint Oil, Natural FlaVor, Nonfat Milk.","wheat, milk, soy, eggs",25,130,7,4,0,5,35,16,9,0,1,Pepperidge Farm,5.41,198,8,"mint, chocolate",MO,"Vegetarian , Pescatarian",E,F
"Lenny , Larry's The Complete Cookie- Double Chocolate","Enriched Wheat Flour (wheat Flour, Niacin, Reduced Iron, Thiamine Mononitrate, RiboflaVin, Folic Acid), Protein Blend (Vital Wheat Gluten, Pea Protein, Rice Protein), Chicory Root Fiber, InVErt Sugar, Semi-sweet Chocolate Chips (unsweetened Chocolate, Sugar, Cocoa Butter, Dextrose, Natural Vanilla Extract), Cane Sugar, Palm Fruit Oil, VEgetable Glycerine, Cocoa Processed With Alkali, Sunflower Lecithin, Molasses, Natural FlaVor, Baking Soda, Salt, Xanthan Gum, Guar Gum.",wheat.,57,210,7,3,0,0,220,27,12,0,8,"Lenny , Larry's",2.21,113,2,chocolate,MW,"Vegan , Vegetarian , Pescatarian",E,F
"Lenny , Larry's The Complete Cookie- Snickerdoodle","Enriched Wheat Flour (wheat Flour, Niacin, Reduced Iron, Thiamine Mononitrate, RiboflaVin, Folic Acid), Protein Blend (Vital Wheat Gluten, Pea Protein, Rice Protein), Cane Sugar, Palm Fruit Oil, Chicory Root Fiber, InVErt Sugar, VEgetable Glycerine, Sunflower Lecithin, Molasses, Natural FlaVor, Baking Soda, Cinnamon, Salt, Xanthan Gum, Guar Gum", wheat.,57,230,8,3.5,0,0,250,29,14,0,8,"Lenny , Larry's",2.21,113,2,cinnamon,MW,"Vegan , Vegetarian , Pescatarian",E,F
"Lenny , Larry's The Complete Cookie- Choc-o-mint","Enriched Wheat Flour (wheat Flour, Niacin, Reduced Iron, Thiamine Mononitrate, RiboflaVin, Folic Acid), Protein Blend (Vital Wheat Gluten, Pea Protein, Rice Protein), Chicory Root Fiber, Mint Drops (sugar, Palm Kernel And Palm Oil, Dextrose, Sunflower Lecithin [emulsifier), Spirulina [color), Natural FlaVor, Turmeric [color), Salt), InVErt Sugar, Cane Sugar, Palm Fruit Oil, VEgetable Glycerine, Cocoa Processed With Alkali, Natural FlaVor, Sunflower Lecithin, Molasses, Baking Soda, Salt, Xanthan Gum, Guar Gum",wheat,57,220,7,3.5,0,0,240,28,14,0,8,"Lenny , Larry's",2.21,113,2,"mint, chocolate",MW,"Vegan , Vegetarian , Pescatarian",E,F
"Lenny , Larry's The Complete Cookie- Peanut Butter","Enriched Wheat Flour (wheat Flour, Niacin, Reduced Iron, Thiamine Mononitrate, RiboflaVin, Folic Acid), Chicory Root Fiber, Peanut Butter, Protein Blend (Vital Wheat Gluten, Pea Protein, Rice Protein), InVErt Sugar, VEgetable Glycerine, Cane Sugar, Peanuts, Palm Fruit Oil, Sunflower Lecithin, Natural FlaVors, Baking Soda, Salt, Xanthan Gum, Guar Gum","wheat, peanut and sesame seed.",57,210,6,1.5,0,0,200,28,9,0,8,"Lenny , Larry's",2.21,113,2,peanut,MW,"Vegan , Vegetarian , Pescatarian",E,F
"Sun Tropics CocoRolls, Original","Coconut Cream, Rice Flour, Coconut Sugar, Eggs, Sesame Seeds, Sea Salt.","Coconut, Eggs, Sesame.",28,130,5,4,0,5,80,20,8,0,2,Sun Tropics,3.87,113,4,coconut,"MW, GF","Vegetarian , Pescatarian",E,F
"Sun Tropics CocoRolls, Salted Caramel","Coconut Cream, Rice Flour, Coconut Sugar, Eggs, Caramel (Cane Sugar, Water, Natural FlaVor), Sea Salt.",Coconut and Eggs.,28,130,5,4.5,0,5,115,20,9,0,1,Sun Tropics,3.87,113,4,"coconut, caramel","MW, GF","Vegetarian , Pescatarian",E,F
Little Debbie Nutty Bars,"Dextrose, Enriched Flour (wheat Flour, Niacin, Reduced Iron, Thiamin Mononitrate [Vitamin B1), RiboflaVin [Vitamin B2), Folic Acid), Peanut Butter, Sugar, Palm And Soybean Oils With Tbhq And Citric Acid To Protect FlaVor, Palm And Palm Kernel Oil, Water. Contains 2% Or Less Of Each Of The Following: Soy Flour, Cocoa, Soybean Oil, Salt, Corn Starch, Mono- And Diglycerides, Soy Lecithin, Baking Soda, Citric Acid, Artificial FlaVor, Whey (milk), Egg Whites","wheat, peanuts, soy, milk, egg.",57,310,18,8,0,0,110,32,20,0,4,Little Debbie,2.57,340,6,chocolate,NO,"Vegetarian , Pescatarian",E,F 
Perfect Snacks Refrigerated Protein Bar Dark Chocolate Chip Peanut Butter,"Peanut Butter., Honey., Nonfat Dry Milk., Dark Chocolate.(chocolate., Cane Sugar., Cocoa Butter., Sunflower Lecithin), Dried Whole Egg Powder., Rice Protein., Sea Salt, Sunflower Lecithin., Dried Whole Food Powders (kale., Flax Seed., Rose Hip., Orange., Lemon., Papaya., Tomato., Apple., Alfalfa., Celery., Kelp., Dulse., Carrot., Spinach.), Flax Seed Oil., Sunflower Oil., Sesame Seed Oil., OliVE Oil., Pumpkin Seed Oil..","peanuts, milk and eggs.",65,330,20,4,0,10,105,24,18,0,15,Perfect,3.09,65,1,"coconut, peanut",NO,"Vegetarian , Pescatarian",E,F 
"think! High Protein Bar, 20g Protein, Brownie Crunch","Protein Blend (soy Protein Isolate, Calcium Caseinate, Whey Protein Isolate), Maltitol Syrup, VEgetable Glycerin, Water, Almond Butter, Cocoa Butter, Alkalized Cocoa, Chocolate, Sunflower Oil, Lecithin, Sodium Caseinate, Natural FlaVor, Tapioca Starch, Milk Fat, Salt","tree nuts (almond), milk, and soy.",60,230,8,3,0,0,190,23,0,0,20,think!,2.77,60,1,"chocolate, crunchy",NO,"Vegetarian , Pescatarian",E,F
OLIPOP Cherry Vanilla Sparkling Tonic,"Ingredients: Purified Water, Tart Cherry Juice Concentrate, CassaVa Root Fiber, Chicory Root Inulin, CassaVa Root Syrup, Apple Juice Concentrate, Jerusalem Artichoke Inulin, Lime Juice, Natural White Cherry FlaVor., Kudzu Root., Marshmallow Root., Nopal Cactus., Slippery Elm Bark., Natural Vanilla FlaVor., Calendula Flower., Reb M SteVia., Himalayan Pink Salt",N,355,45,0,0,0,25,0,17,8,0,0,OLIPOP,2.75,355,1,"cherry, Vanilla","GF, MW","Vegan , Vegetarian , Pescatarian",D ,F
OLIPOP Classic Grape Sparkling Tonic,"Carbonated Water, Olismart (cassaVa Root Fiber, Chicory Root Inulin, Jerusalem Artichoke Inulin, Nopal Cactus., Calendula Flower., Kudzu Root., Marshmallow Root., Slippery Elm Bark.), Concord Grape Juice Concentrate, Lime Juice, Apple Juice Concentrate, CassaVa Root Syrup, Tartaric Acid, SteVia Leaf., Himalayan Pink Salt, Natural Grape FlaVor.",N,355,45,0,0,0,0,35,15,4,0,0,OLIPOP,2.75,355,1,grape,"GF, MW","Vegan , Vegetarian , Pescatarian",D,F
OLIPOP Orange Squeeze Sparkling Tonic,"Carbonated Water, Olismart (cassaVa Root Fiber, Chicory Root Inulin, Jerusalem Artichoke Inulin, Nopal Cactus., Calendula Flower., Kudzu Root., Marshmallow Root., Slippery Elm Bark.), Lemon Juice, Apple Juice Concentrate, Mandarin Juice Concentrate, CassaVa Root Syrup, Clementine Juice Concentrate, Rose Hip., Acerola Cherry., SteVia Leaf., Himalayan Pink Salt, Natural Orange FlaVor.",N,355,45,0,0,0,0,35,16,5,0,0,OLIPOP,2.75,355,1,orange,"GF, MW","Vegan , Vegetarian , Pescatarian",D,F
"Poppi Prebiotic Soda, Watermelon","Sparkling Filtered Water, Apple Cider Vinegar, Watermelon Juice, Lemon Juice, Strawberry Juice, Organic Cane Sugar, Natural FlaVors, SteVia",N,355,20,0,0,0,0,0,5,5,0,0,Poppi,2.75,355,1,watermelon,GF ,"Vegan , Vegetarian , Pescatarian",D,F
"Poppi Prebiotic Soda, Strawberry Lemon","Sparkling Filtered Water, Organic Apple Cider Vinegar, Organic Cane Sugar, Strawberry Juice., Lemon Juice., Natural FlaVors, SteVia",N,355,15,0,0,0,0,0,4,4,0,0,Poppi,2.75,355,1,"strawberry, lemon",GF ,"Vegan , Vegetarian , Pescatarian",D,F
"Poppi Prebiotic Soda, Cherry Limeade","Sparkling Filtered Water, Organic Apple Cider Vinegar, Organic Cane Sugar, Cherry Juice., Lemon Juice., Lime Juice., Natural FlaVors, SteVia.",N,355,20,0,0,0,0,0,5,5,0,0,Poppi,2.75,355,1,"lime, cherry",GF ,"Vegan , Vegetarian , Pescatarian",D,F
"Jarritos Soda, Strawberry","Carbonated Water, Sugar, Natural FlaVor, Citric Acid Sodium Benzoate (as PreserVatiVE), Caramel Color And Fd,c Red No. 40",N,370,140,0,0,0,0,30,35,35,0,0,Jarritos,1.37,370,1,strawberry ,GF,"Vegan , Vegetarian , Pescatarian",D,F
"Red Bull Energy Drink, Blueberry","Carbonated Water, Sugar, Glucose, Citric Acid, Taurine, Sodium Bicarbonate (baking Soda), Magnesium Carbonate, Natural And Artificial FlaVors, Caffeine, Color, Niacinamide, Pyridoxine Hcl (Vitamin B6), Calcium Pantothenate, Blue 1, Vitamin B12.",N,355,160,0,0,0,0,140,41,38,0,0,RedBull,3.33,355,1,blueberry,GF,"Vegan , Vegetarian , Pescatarian",D,F
"Red Bull Energy Drink, Tropical","Carbonated Water, Sugar, Glucose Citric Acid, Taurine, Sodium Citrate, Natural And Artificial FlaVors, Caffeine, Colors. Niacinamide, Glycerol Ester Of Wood Rosin, Sucrose Acetate Isobutyrate, Pyridoxine Hcl (Vitamin B6), Calcium Pantothenate, Vitamin B12.",N,355,160,0,0,0,0,140,41,38,0,0,RedBull,3.33,355,1,tropical,GF,"Vegan , Vegetarian , Pescatarian",D,F
"Red Bull Energy Drink, Sugar Free","Carbonated Water, Citric Acid, Taurine, Natural And Artificial FlaVors, Sodium Bicarbonate (baking Soda), Magnesium Carbonate, Colors, Caffeine, Aspartame, Acesulfame K, Xanthan Gum, Niacinamide, Pyridoxine Hcl (Vitamin B6), Calcium Pantothenate, Vitamin B12. Phenylketonurics: Contains Phenylalanine.",N,355,20,0,0,0,0,150,3,0,0,0,RedBull,3.33,355,1,NaN,GF,"Vegan , Vegetarian , Pescatarian",D,F
Red Bull Energy Drink,"Carbonated Water, Sugar, Glucose, Citric Acid, Taurine, Natural And Artificial FlaVors, Sodium Bicarbonate (baking Soda), Magnesium Carbonate, Colors, Caffeine, Niacinamide, Pyridoxine Hci (Vitamin B6), Calcium Pantothenate, Vitamin B12.",N,355,160,0,0,0,0,150,40,37,0,0,RedBull,3.33,355,1,NaN,GF,"Vegan , Vegetarian , Pescatarian",D,F
CELSIUS Sparkling Strawberry Lemonade,"Carbonated Filtered Water, Citric Acid, Natural FlaVor, Sucralose, Fruit , VEgetable Juice For Color.",N,355,10,0,0,0,0,0,2,0,0,0,CELSIUS,2.53,355,1,"strawberry, lemon",GF,"Vegan , Vegetarian , Pescatarian",D,F
CELSIUS Sparkling Wild Berry,"Carbonated Filtered Water, Natural FlaVor, Citric Acid, Elderberry Extract For Color, Sucralose.",N,355,10,0,0,0,0,0,2,0,0,0,CELSIUS,2.53,355,1,berry,GF,"Vegan , Vegetarian , Pescatarian",D,F
CELSIUS Sparkling Kiwi GuaVa,"Carbonated Filtered Water, Citric Acid, VEgetable Juice For Color, Sucralose, Natural FlaVor.",N,355,10,0,0,0,0,0,2,0,0,0,CELSIUS,2.53,355,1,"kiwi, guaVa",GF,"Vegan , Vegetarian , Pescatarian",D,F
CELSIUS Sparkling Orange,"Carbonated Filtered Water, Citric Acid, Sucralose, Natural FlaVor, Beta-carotene For Color.",N,355,10,0,0,0,0,0,2,0,0,0,CELSIUS,2.53,355,1,orange,GF,"Vegan , Vegetarian , Pescatarian",D,F
"Slate Classic Chocolate Milk, 20g Protein, Lactose Free, 0g Added Sugar","Ultrafiltered Skim Milk Blend (ultrafiltered Skim Milk, Water), Allulose, Natural FlaVors, Chicory Root Fiber, Cocoa (processed With Alkali), Salt, Pectin, Tripotassium Citrate, Monk Fruit., Cellulose Gel, Cellulose Gum, Lactase Enzyme, Vitamin A Palmitate, Vitamin D3.",milk,325,120,1,0,0,15,220,18,1,0,20,Slate,3.31,325,1,chocolate,"GF, MW, LF","Vegetarian , Pescatarian",D,F
"Slate Mocha Latte, 20g Protein, Lactose Free, No Added Sugar","Brewed Colombian Coffee (coffee, Water) Ultrafiltered Skim Milk, Allulose, Natural FlaVors, Chicory Root Fiber, Cocoa (processed With Alkali), Dipotassium Phosphate, Pectin, Monk Fruit., Salt, Cellulose Gel, Green Coffee Bean Extract, Cellulose Gum, Lactase Enzyme, Vitamin A Palmitate, Vitamin D3.",milk,325,120,1,0,0,15,140,19,1,0,20,Slate,3.31,325,1,mocha,"GF, MW, LF","Vegetarian , Pescatarian",D,F
"Slate French Vanilla Milk, 20g Protein, Lactose Free, 0g Added Sugar","Ultrafiltered Skim Milk Blend (ultrafiltered Milk, Water), Allulose, Natural FlaVors, Salt, Pectin, Tripotassium Citrate, Monk Fruit., Cellulose Gel, Cellulose Gum, Lactase Enzyme, Vitamin A Palmitate, Vitamin D3, .adds An Insignificant Amount Of Sugar",milk,320,100,0,0,0,15,280,15,1,0,20,Slate,3.31,325,1,Vanilla,"GF, MW, LF","Vegetarian , Pescatarian",D,F
"Starbucks Energy Coffee BeVErage, Vanilla","Brewed Starbucks Coffee (water, Coffee), Reduced-fat Milk, Skim Milk, Sugar, Maltodextrin, Dextrose, Taurine, Cellulose Gel, Natural FlaVor, Panax Ginseng Root Extract, Inositol, Sodium Ascorbate, Guarana (paullinia Cupana) Seed Extract, Cellulose Gum, Niacinamide, Sucralose, Tricalcium Phosphate, Carrageenan, Pyridoxine Hydrochloride (Vitamin B6), RiboflaVin, Vitamin A Palmitate, Vitamin D3.",milk,480,210,3,1.5,0,15,170,34,29,0,10,Starbucks,4.31,481,1,"Vanilla , coffee",GF,"Vegetarian , Pescatarian",D,F
"Starbucks Energy Coffee BeVErage, White Chocolate","Brewed Starbucks Coffee (water, Coffee), Reduced-fat Milk, Skim Milk, Sugar, Maltodextrin, Dextrose, Taurine, Natural And Artificial FlaVors, Cellulose Gel, Panax Ginseng Root Extract, Inositol, Sodium Ascorbate, Guarana (paullinia Cupana) Seed Extract, Cellulose Gum, Niacinamide, Sucralose, Tricalcium Phosphate, Carrageenan, Pyridoxine Hydrochloride (Vitamin B6), RiboflaVin, Vitamin A Palmitate, Vitamin D3.",milk,480,210,3,1.5,0,15,170,34,29,0,10,Starbucks,4.31,481,1,"Vanilla , coffee",GF,"Vegetarian , Pescatarian",D,F
Starbucks Double Shot Energy Mocha Energy Coffee BeVErage,"Brewed Starbucks Coffee (water, Coffee), Reduced-fat Milk, Skim Milk, Sugar, Maltodextrin, Dextrose, Taurine, Natural FlaVors, Cellulose Gel, Panax Ginseng Root Extract, Inositol, Sodium Ascorbate, Guarana (paullinia Cupana) Seed Extract, Cellulose Gum, Niacinamide, Sucralose, Tricalcium Phosphate, Carrageenan, Pyridoxine Hydrochloride (Vitamin B6), RiboflaVin, Vitamin A Palmitate, Vitamin D3.",milk,480,210,3,1.5,0,15,170,34,29,0,10,Starbucks,4.31,481,1,"Vanilla , coffee",GF,"Vegetarian , Pescatarian",D,F
"Publix Pineapple Chunks, Small",pineapple,N,438,220,1,0,0,0,0,57,43,0,2,Publix  ,3.48,438,1,pineapple,"GF, MW, LF","Vegan , Vegetarian , Pescatarian",E,T
"Publix Watermelon Chunks Seedless, Small",watermelon,N,417,130,1,0,0,0,0,31,26,0,3,publix  ,4.81,417,1,watermelon,"GF, MW, LF","Vegan , Vegetarian , Pescatarian",E,T
Publix Grapes Combo Seedless,grapes,N,417,130,1,0,0,0,0,31,26,0,3,publix  ,5.91,417,1,grape,"GF, MW, LF","Vegan , Vegetarian , Pescatarian",E,T
"Publix Grape, Apple And Strawberry Snack Pack","Grape, Apple And Strawberry",N,417,130,1,0,0,0,0,31,26,0,3,publix  ,5.91,417,1,"grape, apple, strawberry","GF, MW, LF","Vegan , Vegetarian , Pescatarian",E,T
Publix Small Pineapple Strawberry,"pineapple , strawberry",N,498,130,1,0,0,0,0,31,26,0,3,publix  ,7.49,498,1,"pineapple , strawberry","GF, MW, LF","Vegan , Vegetarian , Pescatarian",E,T
Boar's Head Bold Chef Salad,"Salad Kit(Iceberg Lettuce,Picode Gallo(Roma Tomato,Yellow Onion,Cilantrojalapeno Pepper),Egg,Cucumber,Black OliVEs(Ripe OliVEs,Water,Salt, Ferrous Gluconate,Carrot,Red Cabbage),Peppernero Garlic Ham(Pork Cured W/ Water,Salt, Sugar, Dextrose, Sodium Phosphate,Sodium Citrate, Sodium Erythorbate, Sodiumnitrite, Coated With Salt, Sugar, Garlic,Spices, Onion, Dehydrated Habanero, Greenonion,Natural FlaVors,Maltodextrin,FlaVor)Jalapeno Ranch Dressing(Canola Oil,Non-Fatbuttermilk(Whey, Water, Skim Milk Powder,Cornstarch, Tapioca Starch, Disodiumphosphate,Carrageenan Gum,Locust Bean Gum,Culture),Water,Egg Yolk, Jalapeno Peppers,Distilled Vinegar, Salt,Sugar,Green Onion,Apple Cider Vinegar, Spices, Dried Garlic,Xanthan Gum, Dried Onion, Skim Milk Powderblend(Dairy Whey, Sodium Caseinate, Skimmilk Powder), Dried Bell Pepper, Mustardflour,Guar Gum,Paprika)3 Pepper Colbyjackcheese(Cultured Milk,Red , Green Jalapenopeppers, Chipotle Peppers(Smoked Jalapenopeppers), Green , Orange Habanero Peppers,Salt, Enzymes, Annatto(VEgetable Color)),Salsalito Turkey(Turkey Breast, Water,Salt, Sugar, Sodium Phosphate, Dextrose,Coated With Red , Green Jalapeno Peppers,Onion, Salt, Paprika, Sun Dried Tomatoes,Garlic, Spice, Cilantro, NaturalflaVorings).","Milk, Eggs",454,550,41,9,0,215,1730,19,9,0,32,Publix  ,9.41,454,1,salad,"GF, MW ",Pescatarian,E,T
Turkey Cobb Salad,"Romaine and iceberg lettuces, green onions, bacon bits, hard-boiled egg, grape tomatoes, crumbled blue cheese, julienned turkey, and guacamole, serVEd with aVocado-ranch dressing.","Wheat, Milk, Eggs, And Soy",553,760,59,12,0,230,1900,28,12,0,30,publix  ,8.29,553,1,salad,"GF, MW ",Pescatarian,E,T
Publix Deli Southern Cobb Salad,"Iceberg Lettuce, Romaine Lettuce,Balsamic Vinaigrette (Canola Oil, Water,Balsamic Vinegar, Fructose,Less Than 2% Ofparmesan Cheese (Part Skim Milk, Cultures,Salt, Enzymes), Salt, Spices, Dried Garlicxanthan Gum),Praline Pecans (Sugar, Pecansbutter (Cream, Natural FlaVor),Corn Syrup,Salt), Apples, Blue Cheese (Pasteurizedmilk, Cheese Cultures, Salt, Enzymes, Pen-Icillium Roqueforti,Powder Cellulose(PreV-VEnt Caking),Natamycin(To Protect FlaVor))Grape Tomatoes,Cranberries(Cranberries,Sugar,Sunflower Oil), Carrots, Chickentenders (Boneless Chicken Breast Meat,Breading(Wheat Flour,Salt,Spices,Onion Powder,Modified Wheat Starch,InactiVE Driedyeast,LeaVEning<Sodium Phosphate,Bicarbon-Ate>Yeast Extract,ExtractiVE Of Paprika,Tumeric,Annatto<Color>May Contain Soyoil>)Fried In Corn , Cottonseed Oil Blend Withtbhq , Citric Acid Added As PreserVatiVEsdimethylpolysiloxane Added As Anti-Foamingagent).","Pecans, Wheat, Milk, , Soy",542,910,45,11,0,110,1310,88,60,0,38,Publix  ,8.85,542,1,salad,"GF, MW",Pescatarian,E,T
Publix Garden Salad,"Salad Blend(Iceberg Lettuce,Carrots,Red Cabbage),Tomatoes,Radishes,Cucumber,Yellow Peppers,Red Peppers,Greenpeppers,Carrots,Scallions.",N,477,90,0,0,0,0,60,20,12,0,5,Publix  ,4.57,477,1,salad,"GF, MW, LF","Vegan , Vegetarian , Pescatarian",E,T
Publix Romaine Salad,"Romaine Lettuce, Tomatoes.",N,385,70,0,0,0,0,35,14,7,0,4,Publix  ,3.18,385,1,salad,"GF, MW, LF","Vegan , Vegetarian , Pescatarian",E,T
